{
    "AX": {
        "error": 0.004689164394162208, 
        "filter_outliers_dict": {
            "filter_outliers": true, 
            "iterations": 1, 
            "std_devs": 2
        }, 
        "fit": "average", 
        "value": 0.10217776061770899
    }, 
    "CDD": {
        "error": 2.7173927704929108e-06, 
        "filter_outliers_dict": {
            "filter_outliers": true, 
            "iterations": 1, 
            "std_devs": 10
        }, 
        "fit": "average", 
        "value": 6.181046037919083e-06
    }, 
    "H1": {
        "error": 0.003794707504318672, 
        "filter_outliers_dict": {
            "filter_outliers": true, 
            "iterations": 1, 
            "std_devs": 2
        }, 
        "fit": "average", 
        "value": 0.08017059204050123
    }, 
    "H2": {
        "error": 0.003249313053385545, 
        "filter_outliers_dict": {
            "filter_outliers": true, 
            "iterations": 1, 
            "std_devs": 2
        }, 
        "fit": "average", 
        "value": -0.0977319488172774
    }, 
    "L1": {
        "error": 0.0020455359462812966, 
        "filter_outliers_dict": {
            "filter_outliers": true, 
            "iterations": 1, 
            "std_devs": 2
        }, 
        "fit": "average", 
        "value": -0.03835355260118627
    }, 
    "L2": {
        "error": 0.004626709710405349, 
        "filter_outliers_dict": {
            "filter_outliers": true, 
            "iterations": 1, 
            "std_devs": 2
        }, 
        "fit": "average", 
        "value": -2.4310417589594745e-05
    }
}