{
    "AX": {
        "error": 0.004443761831985371, 
        "filter_outliers_dict": {
            "filter_outliers": true, 
            "iterations": 1, 
            "std_devs": 2
        }, 
        "fit": "average", 
        "value": 0.12893517514548858
    }, 
    "CDD": {
        "error": 3.5817992189153526e-06, 
        "filter_outliers_dict": {
            "filter_outliers": true, 
            "iterations": 1, 
            "std_devs": 10
        }, 
        "fit": "average", 
        "value": 1.1125882868254349e-05
    }, 
    "H1": {
        "error": 0.0032022466340207376, 
        "filter_outliers_dict": {
            "filter_outliers": true, 
            "iterations": 1, 
            "std_devs": 2
        }, 
        "fit": "average", 
        "value": 0.08729859024468202
    }, 
    "H2": {
        "error": 0.002686238635075542, 
        "filter_outliers_dict": {
            "filter_outliers": true, 
            "iterations": 1, 
            "std_devs": 2
        }, 
        "fit": "average", 
        "value": -0.08437888865944392
    }, 
    "L1": {
        "error": 0.002177669516523285, 
        "filter_outliers_dict": {
            "filter_outliers": true, 
            "iterations": 1, 
            "std_devs": 2
        }, 
        "fit": "average", 
        "value": -0.032998112534611844
    }, 
    "L2": {
        "error": 0.004447816670403627, 
        "filter_outliers_dict": {
            "filter_outliers": true, 
            "iterations": 1, 
            "std_devs": 2
        }, 
        "fit": "average", 
        "value": -0.009330762270064241
    }
}