{
    "Ar36": {
        "error": 0.00019363056926801996, 
        "filter_outliers_dict": {
            "filter_outliers": true, 
            "iterations": 1, 
            "std_devs": 2
        }, 
        "fit": "Parabolic", 
        "value": 0.004727026060134364
    }, 
    "Ar37": {
        "error": 0.0048475964668200765, 
        "filter_outliers_dict": {
            "filter_outliers": true, 
            "iterations": 1, 
            "std_devs": 2
        }, 
        "fit": "linear", 
        "value": 0.04253714685358849
    }, 
    "Ar38": {
        "error": 0.0022684476839691567, 
        "filter_outliers_dict": {
            "filter_outliers": true, 
            "iterations": 1, 
            "std_devs": 2
        }, 
        "fit": "linear", 
        "value": -0.011998102934123388
    }, 
    "Ar39": {
        "error": 0.008707084030226749, 
        "filter_outliers_dict": {
            "filter_outliers": true, 
            "iterations": 1, 
            "std_devs": 2
        }, 
        "fit": "Parabolic", 
        "value": 0.005455529513894826
    }, 
    "Ar40": {
        "error": 0.010979880177363146, 
        "filter_outliers_dict": {
            "filter_outliers": true, 
            "iterations": 1, 
            "std_devs": 2
        }, 
        "fit": "Parabolic", 
        "value": 0.6299802322253014
    }, 
    "Ar41": {
        "error": 0.0035212096849263842, 
        "filter_outliers_dict": {
            "filter_outliers": true, 
            "iterations": 1, 
            "std_devs": 2
        }, 
        "fit": "linear", 
        "value": -0.07099599690090497
    }
}