{
    "Ar36": {
        "error": 0.00018777770334037883, 
        "filter_outliers_dict": {
            "filter_outliers": true, 
            "iterations": 1, 
            "std_devs": 2
        }, 
        "fit": "Parabolic", 
        "value": 0.006307765811507189
    }, 
    "Ar37": {
        "error": 0.005222662491184518, 
        "filter_outliers_dict": {
            "filter_outliers": true, 
            "iterations": 1, 
            "std_devs": 2
        }, 
        "fit": "linear", 
        "value": 0.03288531253391709
    }, 
    "Ar38": {
        "error": 0.002227267986320778, 
        "filter_outliers_dict": {
            "filter_outliers": true, 
            "iterations": 1, 
            "std_devs": 2
        }, 
        "fit": "linear", 
        "value": -0.020464706588965903
    }, 
    "Ar39": {
        "error": 0.008632520311521369, 
        "filter_outliers_dict": {
            "filter_outliers": true, 
            "iterations": 1, 
            "std_devs": 2
        }, 
        "fit": "Parabolic", 
        "value": -0.015993998632570144
    }, 
    "Ar40": {
        "error": 0.007452174763095677, 
        "filter_outliers_dict": {
            "filter_outliers": true, 
            "iterations": 1, 
            "std_devs": 2
        }, 
        "fit": "Parabolic", 
        "value": 0.9145193784594984
    }, 
    "Ar41": {
        "error": 0.0037610970057114124, 
        "filter_outliers_dict": {
            "filter_outliers": true, 
            "iterations": 1, 
            "std_devs": 2
        }, 
        "fit": "linear", 
        "value": -0.06976379996820206
    }
}