{
    "Ar36": {
        "error": 0.00018690878164887958, 
        "filter_outliers_dict": {
            "filter_outliers": true, 
            "iterations": 1, 
            "std_devs": 2
        }, 
        "fit": "Parabolic", 
        "value": 0.0064011694772194445
    }, 
    "Ar37": {
        "error": 0.00470167357888739, 
        "filter_outliers_dict": {
            "filter_outliers": true, 
            "iterations": 1, 
            "std_devs": 2
        }, 
        "fit": "linear", 
        "value": 0.038331866435365076
    }, 
    "Ar38": {
        "error": 0.0020562881675511677, 
        "filter_outliers_dict": {
            "filter_outliers": true, 
            "iterations": 1, 
            "std_devs": 2
        }, 
        "fit": "linear", 
        "value": -0.025146172773953694
    }, 
    "Ar39": {
        "error": 0.009441087717290129, 
        "filter_outliers_dict": {
            "filter_outliers": true, 
            "iterations": 1, 
            "std_devs": 2
        }, 
        "fit": "Parabolic", 
        "value": -0.03409357723473069
    }, 
    "Ar40": {
        "error": 0.007479900148129112, 
        "filter_outliers_dict": {
            "filter_outliers": true, 
            "iterations": 1, 
            "std_devs": 2
        }, 
        "fit": "Parabolic", 
        "value": 1.116945376507244
    }, 
    "Ar41": {
        "error": 0.0035355184573974525, 
        "filter_outliers_dict": {
            "filter_outliers": true, 
            "iterations": 1, 
            "std_devs": 2
        }, 
        "fit": "linear", 
        "value": -0.08371189268625318
    }
}