{
    "Ar36": {
        "error": 0.00018228241323100006, 
        "filter_outliers_dict": {
            "filter_outliers": true, 
            "iterations": 1, 
            "std_devs": 2
        }, 
        "fit": "Parabolic", 
        "value": 0.0058410299875221285
    }, 
    "Ar37": {
        "error": 0.0050002916000373475, 
        "filter_outliers_dict": {
            "filter_outliers": true, 
            "iterations": 1, 
            "std_devs": 2
        }, 
        "fit": "linear", 
        "value": 0.030492053400110054
    }, 
    "Ar38": {
        "error": 0.0022407022342054517, 
        "filter_outliers_dict": {
            "filter_outliers": true, 
            "iterations": 1, 
            "std_devs": 2
        }, 
        "fit": "linear", 
        "value": -0.01487686189897229
    }, 
    "Ar39": {
        "error": 0.009041707117278348, 
        "filter_outliers_dict": {
            "filter_outliers": true, 
            "iterations": 1, 
            "std_devs": 2
        }, 
        "fit": "Parabolic", 
        "value": -0.03523964355002216
    }, 
    "Ar40": {
        "error": 0.008827003231381803, 
        "filter_outliers_dict": {
            "filter_outliers": true, 
            "iterations": 1, 
            "std_devs": 2
        }, 
        "fit": "Parabolic", 
        "value": 0.9429557836721296
    }, 
    "Ar41": {
        "error": 0.003326756981583558, 
        "filter_outliers_dict": {
            "filter_outliers": true, 
            "iterations": 1, 
            "std_devs": 2
        }, 
        "fit": "linear", 
        "value": -0.06940398413596566
    }
}